編號,供應商簡稱,分類
5213,新芳園醬油,食品加工品
6410,清河堂,水果
6478,丹媞絲手功果醬,食品加工品
6944,漢坊餅藝,食品加工品
6945,123雞式燴社,生鮮水產/肉品
6946,謝謝農場,農產品/原住民/花東
6949,8more 鮮物專賣店,飲料
6950,溪底遙學習農園,飲料
6953,向記,食品加工品
6954,萬巒林家豬腳,生鮮水產/肉品
6956,石碇竹柏苑,食品加工品
6957,佳芳有機茶園,茶/咖啡
6959,張師傅手工黑糖,食品加工品
6960,家咖哩 南洋原味咖哩屋,食品加工品
6963,淡水果然工坊,甜點
6964,大地之愛,幼兒相關
6965,健福有機農場,農產品/原住民/花東
6968,簡單樸實 村家味,食品加工品
6969,香腸文紹興香腸,生鮮水產/肉品
6972,巨農有機農場,農產品/原住民/花東
7007,高雄甲仙 第一家芋冰城,冰品
7032,御皇米 百年東里碾米廠,農產品/原住民/花東
7065,野飼崎雞,生鮮水產/肉品
7139,日本親子車,幼兒相關
7231,日芳珍饌,生鮮水產/肉品
7273,3M空氣清淨機,電器3c/美妝
7278,芃柏園藝,運動/園藝/生活/其他
7316,同記安平豆花,甜點
7329,愛兒館,幼兒相關
7348,橘園精品咖啡,茶/咖啡
7349,貝朵芙茶坊,茶/咖啡
7419,有心肉舖子,生鮮水產/肉品
7421,高大鮮乳,牧場鮮奶
7432,無名黑鐵咖啡,茶/咖啡
7495,東寶黑豬肉棧,生鮮水產/肉品
7511,陳協和碾米工廠,農產品/原住民/花東
7530,宜蘭縣五結鄉農會,農產品/原住民/花東
7533,森高砂咖啡,茶/咖啡
7593,永齡農場,農產品/原住民/花東
7784,Microsoft 微軟,電器3c/美妝
7810,Canon 佳能,電器3c/美妝
7843,登美 DenMat,電器3c/美妝
7933,雅浩家具 ystore,運動/園藝/生活/其他
7949,安吃蟹 苗栗優質大閘蟹,生鮮水產/肉品
7959,HP 印表機,電器3c/美妝
7960,Apple 蘋果,電器3c/美妝
7968,Garmin,電器3c/美妝
7990,Innerexile 因樂,電器3c/美妝
7993,SEIDIO,電器3c/美妝
8125,Alce Nero 有機尼諾,食品加工品
8172,一草一木美味工坊,甜點
8301,日育德養 麝香貓咖啡,茶/咖啡
9026,益成室蠶絲被,運動/園藝/生活/其他
9050,黑潮釣具,運動/園藝/生活/其他
9364,恆萃工坊,運動/園藝/生活/其他
9520,Absolute Technology,電器3c/美妝
9897,GoPro,電器3c/美妝
10601,禾香鮮乳,牧場鮮奶
10880,瑞暘行,生鮮水產/肉品
11446,五梅牧場鮮乳,牧場鮮奶
11476,阿春肉燥,食品加工品
11503,主恩牧場,牧場鮮奶
11519,豐新鮮羊乳,牧場鮮奶
11533,駱師傅法式冰淇淋,冰品
11829,實驗廚房,食品加工品
11893,春虫冰工廠,冰品
12017,素味香食品-素食,食品加工品
12045,永榮牧場 老爹鮮乳,牧場鮮奶
12120,Joker 傑克自行車,幼兒相關
12304,逗點生活,電器3c/美妝
12397,育耕有機農場,水果
12470,健成牧場,牧場鮮奶
12606,好食在 安心本舖,食品加工品
12609,高雄大樹 鞠荔園玉荷包荔枝,水果
12637,Kiendler 健多樂,食品加工品
12670,Zotter 奧地利 珍得巧克力,食品加工品
12955,ALEX,運動/園藝/生活/其他
12975,屏東枋山 陳大姊愛文芒果,水果
12977,Paruah帕路亞,運動/園藝/生活/其他
13017,鋐洲有機農場,農產品/原住民/花東
13106,高大鮮乳,牧場鮮奶
13131,airDINO 美國充氣恐龍,幼兒相關
13266,寶貝的寶貝,幼兒相關
13279,台中東勢 孫大哥水梨,水果
13423,屏東萬丹 濡哥紅龍果,水果
13545,球王費德勒精選商品,運動/園藝/生活/其他
13623,松原農庄,水果
13627,南投魚池 神農山莊有機百香果,水果
13629,苗栗公館 黃大哥有機紅棗,水果
13670,南投縣集集鎮蔬果運銷合作社,水果
13841,澤橋動能科技股份有限公司,運動/園藝/生活/其他
13988,Hildon 希登 純天然礦泉水,飲料
14000,明全牧場,牧場鮮奶
14002,阿村農場,水果
14083,Queen's Pottery 后現代設計,運動/園藝/生活/其他
14089,群美美食,食品加工品
14117,天賦農場,水果
14308,新生活 純鮮乳品,牧場鮮奶
14422,崙頂牧場 丹醇鮮乳,牧場鮮奶
14428,台南麻豆 孫大哥文旦,水果
14443,雲林張大哥 本產安心無花果,水果
14589,潔貝菈。原萃菁華,電器3c/美妝
14733,池上禾穀坊,農產品/原住民/花東
14812,英國GALT,幼兒相關
14841,曲禾酒莊,農產品/原住民/花東
15040,臻德茶葉坊,茶/咖啡
15192,大王菜舖子,農產品/原住民/花東
15235,崙山部落 DUQPUSAN,農產品/原住民/花東
15246,黃嘉銘有機農場,茶/咖啡
15792,金山水農產品實業,飲料
15810,敬樂音創意工作室,幼兒相關
15930,安平丸滿 幸福海物,生鮮水產/肉品
15931,輕活phresh,運動/園藝/生活/其他
16004,南投仁愛 古大哥高山甜柿,水果
16199,BOBLBEE,運動/園藝/生活/其他
16225,OGIO,運動/園藝/生活/其他
16247,莓好市集,水果
16289,夢想甜點工坊,#N/A
16301,alto,電器3c/美妝
16307,小滿穀雨,#N/A
16323,紅豆8仔 吉園圃萬丹紅豆,農產品/原住民/花東
16324,雅薏食品,農產品/原住民/花東
16337,苗栗卓蘭 張大哥楊桃,水果
16340,土生土長,食品加工品
16344,華丰生技有限公司,運動/園藝/生活/其他
16385,鹿窯菇事,#N/A
16388,台灣原味,農產品/原住民/花東
16399,花蓮興瑞果園,水果
16417,苗栗公館 劉大哥無毒芋頭,農產品/原住民/花東
16457,偶的家戲偶文創園區,運動/園藝/生活/其他
16485,【Bodhi 就是好食】,食品加工品
16564,苗栗公館 黃大叔安心紅棗,水果
16580,ANNABEL 安娜貝兒,電器3c/美妝
16584,艸田木菓,食品加工品
16603,樸實工作室,甜點
16621,石門生態有機農場,#N/A
16669,紅色咖啡館,食品加工品
16685,縱橫天下休閒旅遊報社有限,電器3c/美妝
16759,好好鮮生Mr. Good,#N/A
16761,禾亮家,農產品/原住民/花東
16779,阿麟師安心水產,#N/A
16787,福山農莊,#N/A
16797,綠葵生機,#N/A
16840,樂果村香菇農園,農產品/原住民/花東
16851,永信蔬果合作社,水果
16876,益昌果園,#N/A
16880,K'9 Natureholic,運動/園藝/生活/其他
16881,生活美味,生鮮水產/肉品
16882,盧家芒果,水果
16956,綠果無香天然皂,電器3c/美妝
16961,台灣維根鳳梨,水果
16965,愛花果手工烘焙綠色學院,食品加工品
16968,童顏有機,電器3c/美妝
17014,咖啡先生,茶/咖啡
17023,my home8,運動/園藝/生活/其他
17087,海邊走走*手工愛餡蛋捲第一品牌*,甜點
17195,將軍山農場,水果
17244,迎光生技,運動/園藝/生活/其他
17287,島道工作室,運動/園藝/生活/其他
17295,牧蜂農莊,農產品/原住民/花東
17348,半畝咖啡，好咖共和國,茶/咖啡
17367,人山艸 ,茶/咖啡
17396,菲妮克斯烘焙坊,#N/A
17427,水野菜,農產品/原住民/花東
17431,鈜景食品,生鮮水產/肉品
17443,layoo 來喲,#N/A
17444,旗聚一堂,食品加工品
17453,清亮生態農場,農產品/原住民/花東
17549,賣福食品工坊,#N/A
17628,Paralife,運動/園藝/生活/其他
17666,捷元,#N/A
17668,LOVERAMICS,運動/園藝/生活/其他
17671,RIESS,運動/園藝/生活/其他
17673,拍拍PETS,#N/A
17677,KINTO,運動/園藝/生活/其他
17678,老師傅手熬養生茶,茶/咖啡
17694,苗栗銅鑼 陳大哥無毒杭菊,農產品/原住民/花東
17718,毛の果醬,茶/咖啡
17778,宜蘭香檬不老傳奇,飲料
17805,博士蝦Dr.Shrimp,生鮮水產/肉品
17858,諾亞文創-雲林好物、好遊,#N/A
17878,六龜新威 徐家橙蜜小番茄,#N/A
17880,華僑國際股份有限公司,運動/園藝/生活/其他
17917,華僑生技股份有限公司,飲料
17919,PHILIPS飛利浦 空氣清淨機,電器3c/美妝
17931,石門生態有機農場,農產品/原住民/花東
17934,洪爺滴雞精,飲料
17936,【限食包果】夢想果園,食品加工品
17940,暐承生技有限公司,#N/A
17944,德國alfi 保溫瓶,#N/A
17947,葡園仙境,水果
17951,美人滴雞精,飲料
18043,KOPER設計館,運動/園藝/生活/其他
18062,幸福農田100%薑黃粉,食品加工品
18075,釋迦小羊牧場,#N/A
18084,Butygo美麗購,運動/園藝/生活/其他
18091,我愛你學田市集,#N/A
18120,棗健康有機農場,水果
18122,旭家蒟蒻,食品加工品
18129,菇媽媽,農產品/原住民/花東
18147,果木小薰,#N/A
18196,石棹製茶,茶/咖啡
18215,健康加油站,#N/A
18222,荷豐小農-藕達人,農產品/原住民/花東
18229,屏東九如 范大姊小番茄,水果
18232,丁丁民宿開心農場,#N/A
18241,Vintage 212,運動/園藝/生活/其他
18253,花東菜市集,食品加工品
18273,茆茶屋(番頂製茶廠),茶/咖啡
18302,美味關係異國料理小館,#N/A
18369,龍窩寶藏,運動/園藝/生活/其他
18390,黑金剛農場,水果
18394,聚秀農場,農產品/原住民/花東
18419,雋荖廚房 Tung's Kitchen,食品加工品
18422,寶島手路菜 Formosa's signature dishes,#N/A
18442,雲林斗六 張大哥安心茂谷柑,水果
18449,綠映生機生產合作社,#N/A
18457,膨鼠愛葡萄,#N/A
18477,南投國姓 劉大哥砂糖橘,水果
18526,綿羊犬藝術有限公司,#N/A
18529,苗栗大湖 賴大哥無毒草莓,水果
18530,春一枝商行,冰品
18639,永大食品─檸檬工場,水果
18661,木香,運動/園藝/生活/其他
18704,2Plus桌遊設計出版社,運動/園藝/生活/其他
18720,自然主義農園,茶/咖啡
18759,陽光菓菓,#N/A
18767,Chun手作坊,運動/園藝/生活/其他
18775,幸福酪梨果園,#N/A
18799,HANCHOR,運動/園藝/生活/其他
18802,知耕鳥,#N/A
18823,樂必玆蔬店,#N/A
18859,阿里山茶山村 王阿伯古法熬製黑糖,水果
18874,Silvia席薇亞服飾精品,運動/園藝/生活/其他
18878,信豐農場,食品加工品
18928,綠家園無患子,#N/A
18946,百福藏蒼,#N/A
18950,春雷出張所,#N/A
18960,Hope&Heaet·型男的生存法則,運動/園藝/生活/其他
18979,宏興製香舖 Since 1965,運動/園藝/生活/其他
18984,法農農園-法農皂工房,電器3c/美妝
19016,竹林松杉靈芝農場,農產品/原住民/花東
19066,多滿餘溫室農場,#N/A
19092,仁和鮑魚｜台灣鮑魚，在地故事,#N/A
19124,三德牧場 明德鮮乳,牧場鮮奶
19160,全家牧場,牧場鮮奶
19172,進士牧場,牧場鮮奶
19269,西伯馬   ,食品加工品
19270,歐瑞克oricre,電器3c/美妝
19276,葵香啡咖啡,#N/A
19288,卡維蘭農產精品,食品加工品
19291,波麗家Bonika,#N/A
19306,哈嘎米,#N/A
19315,久盛農場,農產品/原住民/花東
19344,雅康購物網,#N/A
19375,檔案家文具,運動/園藝/生活/其他
19403,中美牌制服,運動/園藝/生活/其他
19414,INN,電器3c/美妝
19487,卜家生機素食店,#N/A
19492,大村敏園,水果
19498,U2運動家,#N/A
19541,永盛純米米粉,食品加工品
19663,台中太平 柯大姊無毒枇杷,水果
19675,千里緣,#N/A
19700,Casa del Fresco 新鮮屋,水果
19726,飛樂Philo,#N/A
19730,東東玩具城,幼兒相關
19760,ViGor微果 天然、安心,電器3c/美妝
19778,頂紅火龍果,水果
19802,居裡夫人生活館,運動/園藝/生活/其他
19810,顏成有機農場,水果
19826,花蓮縣壽豐鄉農會,農產品/原住民/花東
19839,[天然手作] 台灣神香商行,#N/A
19842,雲林水林 黃大哥無毒桑椹,水果
19922,南投國姓 陳大哥有機百歲梅,水果
19986,品茶集 Pinchajii Tea House,運動/園藝/生活/其他
20026,陳稼莊果園,飲料
20085,Qishr咖啡烘焙坊,#N/A
20142,祥記 Shangi ,農產品/原住民/花東
20143,薇恩·蜜媛,農產品/原住民/花東
20161,新福源花生醬-二代店,食品加工品
20214,唯素主義-素食,#N/A
20305,榫技研,電器3c/美妝
20375,Celtic 法國喜爾天然礦泉水,飲料
20439,湧升海洋,生鮮水產/肉品
20450,十方苑,甜點
20490,多力米烘焙,#N/A
20537,⭐️安德森樂園⭐️,幼兒相關
20598,臨春堂 無毒燕窩,飲料
20625,2021社會企業,#N/A
20630,鳳荷日荔,#N/A
20665,小農小市/花心田手作,#N/A
20698,花蓮玉里 阿強西瓜,水果
20733,六香田-比花東米更好吃(原農糧小舖),農產品/原住民/花東
20766,安溯市集,#N/A
20809,小善心農場,水果
20813,一本庄園-咖啡,運動/園藝/生活/其他
20835,綠安生活,農產品/原住民/花東
20837,EARTH FRIEND ,運動/園藝/生活/其他
20839,維亨有機食品行,食品加工品
20841,匠心茗茶。台灣高山烏龍茶專賣,#N/A
20858,古坑栗子南瓜,#N/A
20865,一禾田有機轉型期自然生態米,#N/A
20908,櫻桃蜜貼,#N/A
20926,邦克木地板,運動/園藝/生活/其他
20957,寶寶餵有限公司,幼兒相關
20978,邦查農場,農產品/原住民/花東
21012,SHOW BEST ,運動/園藝/生活/其他
21074,陽光菓菓,食品加工品
21088,松本有機農場,茶/咖啡
21152,許銓玩具,幼兒相關
21219,堤園農場,#N/A
21287,明山有機農園,#N/A
21463,Reise米膚保養,#N/A
21479,禾田村,#N/A
21646,Beauty Slim,#N/A
21665,荳芮米DoReMi Nut堅果,#N/A
21734,小紅牛番茄,水果
21793,菩提子果園,水果
21866,馬太鞍咖啡農場,運動/園藝/生活/其他
21946,卡馬龍 巨無霸白晶蝦,生鮮水產/肉品
21981,K･S Beauty  ,電器3c/美妝
22135,5012生態果園,水果
22146,明全牧場 玻璃瓶鮮乳,牧場鮮奶
22154,Red Best Coffee,#N/A
22174,ILemon 愛檸檬,水果
22176,新竹尖石 泰崗部落,水果
22299,i曼果  手工精緻烘焙果乾/手作水果冰淇淋,食品加工品
22385,ecofiber,運動/園藝/生活/其他
22401,丸子王爆漿貢丸,食品加工品
22430,小小自然農耕農場,水果
22443,品閤戶外生活居家雜貨,運動/園藝/生活/其他
22447,框外坊 ,#N/A
22624,惠芸有機蔬果園,水果
22626,固塞樂,運動/園藝/生活/其他
22631,麻豆文旦 麻吉柚果園,水果
22641,花生田農產販賣所,#N/A
22677,1982 de glacée 法式冰淇淋,冰品
22760,一品饕 雲端禮坊,甜點
22774,織谷-誠實良品,食品加工品
22875,左岸幸福莊園,#N/A
23103,麻豆銓珍柚子園,#N/A
23163,Mr.HONEY 蜂蜜先生,農產品/原住民/花東
23193,第7代茶農~祥鼎製茶,#N/A
23315,兩粒小農,#N/A
23324,糧心成食,農產品/原住民/花東
23330,台中東勢 大雪山絹水梨,水果
23337,禾餘周邊,#N/A
23364,阿鳳芭樂,水果
23444,菇早味農場,#N/A
23503,勝利VICTOR羽毛球,運動/園藝/生活/其他
23633,果子俠 農創果品,茶/咖啡
23680,台中梨山 杜大哥上海水蜜桃,#N/A
23743,CasaLuker,甜點
23802,台灣好水果,#N/A
23808,苗栗卓蘭 光輝伯的巨峰葡萄,水果
23818,永豐無毒白龍果,#N/A
23927,永良商行,甜點
24015,陳家農舍,農產品/原住民/花東
24021,富琳嚴選,#N/A
24043,潭子好康家,#N/A
24047,大甲 香芋,農產品/原住民/花東
24074,天和鮮物,生鮮水產/肉品
24084,盛洋冷凍,食品加工品
24085,"南投咖啡, 中寮咖啡︱晨雅咖啡豆專賣店",#N/A
24147,米羅汽車美容用品,運動/園藝/生活/其他
24304,國姓爺黑豬肉專賣店,#N/A
24315,瀑布活米,#N/A
24356,綠葉茶園,茶/咖啡
24562,阿美韓式泡菜,#N/A
24602,真食本舖,農產品/原住民/花東
24608,祥豪牧場 羊舍鮮羊乳,牧場鮮奶
24751,台中梨山 居山農場雪梨,水果
24817,雷夢兄弟,農產品/原住民/花東
25002,台南鹽水 郭伯的傳家酪梨,水果
25035,响銅鑼客棧,#N/A
25187,林清清mini果園,#N/A
25401,東東玩具店 樂高系列,幼兒相關
25443,精油市集,運動/園藝/生活/其他
25447,月熊培爾,茶/咖啡
25533,隆之園 無毒蔬果,水果
25558,南投中寮 廖阿公柴燒龍眼乾,農產品/原住民/花東
25713,白川自然食/白川胡椒養生熬煮,#N/A
25768,H8898,運動/園藝/生活/其他
25793,喜作物 kibutu 天然零添加飲品專門店,飲料
25845,中寮張家莊,#N/A
25853,台中梨山 老杜的高山蘋果,水果
25955,奶油麵包烘焙坊bread&butter bakery,食品加工品
25976,SOY&CO1879.果妍醬油,食品加工品
26027,南投阿霞龍眼乾,#N/A
26044,南投埔里 游伯伯的良心百香果,水果
26056,僑緻美學生活館,#N/A
26226,富麗有機農場,農產品/原住民/花東
26269,zero+,#N/A
26271,SOLiDE,電器3c/美妝
26335,另果啾喜童樂會,運動/園藝/生活/其他
26495,頤荷蜜鑽,#N/A
26511,你今天吃麥片了嗎?,#N/A
26612,三風麵館,食品加工品
26735,艾蛙媽二手市集,電器3c/美妝
26882,元仔傳統手工皂,電器3c/美妝
27170,山微光-Petrichor-友善農選,#N/A
27228,台南白河 家銘的無毒蓮藕,水果
27300,美猴王誠書的大雪山甜柿,水果
27347,彰化社頭 建裕哥的珍珠芭樂,水果
27373,黑密碼,飲料
27376,苗栗銅鑼 美貴姐的無毒紅棗乾,農產品/原住民/花東
27414,MR.GEORGE COFFEE ST,茶/咖啡
27419,禾采手工坊,農產品/原住民/花東
27488,瑪尼香品 香道品香,#N/A
27514,果蒔制研所ColorFruit,#N/A
27593,Caudabe,電器3c/美妝
28120,石棹 富山製茶,#N/A
28123,21工房,食品加工品
28152,芭梨果園,#N/A
28210,花蓮瑞穗果樹產銷班,#N/A
28251,南投中寮 廖阿公無農藥柑橘,水果
28258,紐登斯優格,食品加工品
28279,台中梨山 賴桑本產奇異果,水果
28416,苗栗銅鑼 永宏的無毒芋頭角,農產品/原住民/花東
28458,貝殼夫人Lady Bake,#N/A
28487,后棧奎府實業股份有限公司,生鮮水產/肉品
28488,台宗美而香,#N/A
28512,台東阿揚的佛心釋迦園,水果
28549,鵝寶手作坊,電器3c/美妝
28594,X,#N/A
28630,醒時茶栽,#N/A
28642,阿嬤的私房菜,茶/咖啡
28647,綠色穗稻有機米,#N/A
28657,太皇金養妍霜,#N/A
28665,CoolBitX Ltd.,電器3c/美妝
28718,Jardin.7 流行女裝,#N/A
28751,澳洲果寶 Mum To Be & Baby,電器3c/美妝
28767,茶水部 LittoTea,茶/咖啡
28794,阿琴媽媽 / 蔬活廚房,#N/A
28848,拾年農場(瑞禾國際),#N/A
28954,台南東山 吳阿伯古法烘焙龍眼乾,農產品/原住民/花東
28976,台東太麻里 俊儀的無農藥釋迦,水果
29136,ipa,運動/園藝/生活/其他
29138,LINKIFE,運動/園藝/生活/其他
29139,大好吉日,運動/園藝/生活/其他
29142,Handground,運動/園藝/生活/其他
29144,bonavita,電器3c/美妝
29159,究好豬,生鮮水產/肉品
29162,弘農果園,水果
29169,施家小番茄,#N/A
29194,Pure 純,電器3c/美妝
29223,仁和養殖場,生鮮水產/肉品
29339,格外農品,食品加工品
29393,水餃星球,#N/A
29586,梁家棗園,水果
29636,雙美人牌 薄鹽黑豆甕底油膏 X 黑豆蔭油,#N/A
29740,尋尋覓蜜 蜂蜜專賣,農產品/原住民/花東
29884,御正童仔雞,生鮮水產/肉品
29903,米大菇食,農產品/原住民/花東
29944,卡彿魯岸,茶/咖啡
30004,農心未泯,#N/A
30075,自食糧果Sliango,農產品/原住民/花東
30122,集昌中藥,農產品/原住民/花東
30174,傳貴有機豆漿✪今天訂後天到✪,飲料
30182,潤儀中藥行,#N/A
30358,優風手作,食品加工品
30459,苗栗獅潭 標哥有機草莓,水果
30501,義仁酪梨花果園,水果
30569,魔法森林,#N/A
30608,黑木耳美食專賣．柯媽媽の植物燕窩,#N/A
30621,金新鮮生技，金新鮮水產,電器3c/美妝
30638,嘉義布袋 陳大哥回甘小番茄,水果
30678,宸寶開心農場,水果
30707,聖宏滿海鮮,#N/A
30782,穀享-生活爆米香,甜點
30802,淳鮮 瀚頂生技 | PUREDISE,生鮮水產/肉品
30830,華村食品,食品加工品
30838,林金成│宇草堂區域代理│RA-CD-3846,運動/園藝/生活/其他
30861,快樂樣,#N/A
30917,嘉義布袋 日本種罕見燈籠果,水果
31099,薽品瑄,#N/A
31162,清田森活木瓜農場,水果
31291,南投信義 石伯伯高山青梅,水果
31338,航行樂,電器3c/美妝
31387,清流部落農場,農產品/原住民/花東
31416,里山盟優選好物,#N/A
31425,小語媽手作饅頭,食品加工品
31573,大日產業株式會社  ,運動/園藝/生活/其他
31576,Clean&Cucina 檸淨工坊,運動/園藝/生活/其他
31712,床工場生活館 屏東,#N/A
31714,先生嬤 百年中醫世家,運動/園藝/生活/其他
31869,彭家豬肉舖,生鮮水產/肉品
31990,清亦輕Clean&Light,飲料
32016,苗栗卓蘭 富哥的春豐水蜜桃,水果
32105,海岸山麥健康吐司坊,甜點
32148,好客媽媽,食品加工品
32178,高雄旗山 張伯伯玉荷包荔枝,水果
32466,高雄姑山 阿燕的選粒玉荷包,水果
32617,台南楠西 松哥的西施芒果,水果
32619,鴻祥食品,#N/A
32621,Tong City 彤城。甜點專門店,甜點
32653,梧農小舖,#N/A
32704,峰忠傳奇,農產品/原住民/花東
32776,安蜂養蜂場 台灣國產蜂蜜,農產品/原住民/花東
32802,糙人這一家,#N/A
32889,炭茶道(TAN CHA DAU),茶/咖啡
32950,Wesharelife【EGF+銀杏修護保濕面膜】,電器3c/美妝
33023,識魚郎,生鮮水產/肉品
33057,聲寶,#N/A
33058,日立,#N/A
33079,奇美,#N/A
33119,陳媽媽農場,水果
33121,就是可愛,運動/園藝/生活/其他
33230,健康進行式 ‧ 珍玉銀耳露,飲料
33237,草本暖呼呼,#N/A
33243,石三木廠,電器3c/美妝
33468,Zenfab有機棉服飾,運動/園藝/生活/其他
33491,中景科技ebooks,電器3c/美妝
33516,鑫佰揚食品商行,#N/A
33546,elho 荷蘭時尚園藝花器,運動/園藝/生活/其他
33669,Cup of excellent,#N/A
33760,Go Wild野餐大晴天,運動/園藝/生活/其他
33762,wildcape野角有機南非國寶茶,#N/A
33905,taoyuanlin,運動/園藝/生活/其他
33920,金感蝦,生鮮水產/肉品
33934,Campart Travel 荷蘭墾旅,運動/園藝/生活/其他
33983,德國原裝進口Agricola植物者,運動/園藝/生活/其他
34017,荷蘭公主,電器3c/美妝
34022,韓大發LANCI's shop日韓代,#N/A
34072,四吾季旦,飲料
34161,倉田水產,#N/A
34511,承果貿易行銷有限公司,農產品/原住民/花東
34607,璞草園,電器3c/美妝
34666,蛋自慢,農產品/原住民/花東
35219,FCMlidia呂底亞到府月子管家,#N/A
35265,屏東九如 彥宇的有機檸檬,水果
35325,西湖水通伯柚子農莊,水果
35453,瑋恩書店,幼兒相關
35461,CliqueFie,電器3c/美妝
35478,Vespressa 精品咖啡專賣,茶/咖啡
35711,呵咖飛 自家烘焙/咖啡豆專賣/咖啡館,茶/咖啡
35811,Mini Cooper,幼兒相關
35914,原川水產,生鮮水產/肉品
35932,byfunme,#N/A
36080,梁家小妹黑豬肉,生鮮水產/肉品
36184,PAIX,運動/園藝/生活/其他
36187,柚寶貝文旦園,水果
36201,東方佳聯生物科技有限公司,飲料
36436,德國Benz嚕嚕車,幼兒相關
36760,長慶水果網路超市宅配網,#N/A
36895,honeywell美國醫師推薦品牌,電器3c/美妝
36900,輪胎守衛,運動/園藝/生活/其他
36911,Oster全球果汁機領導品牌,電器3c/美妝
37217,快樂幸福生活館,電器3c/美妝
37265,不二茗門,#N/A
37305,台南好年小農,水果
37346,三北北的鮮鶉蛋,農產品/原住民/花東
37353,克齡嘉寶 - 沙棘油 保養/ 防禦/美肌 皮膚專科,#N/A
37355,illy 意利咖啡,電器3c/美妝
37523,韓國VIVATEC,幼兒相關
37594,韓國BEBEGANIC,幼兒相關
37609,山不枯 Sanpuku,茶/咖啡
37807,大地柑仔店,食品加工品
37932,美人歸,農產品/原住民/花東
38064,皇珵醬油釀造工坊,食品加工品
38211,糧莘庇護農場,農產品/原住民/花東
38267,康迪斯保健食品,運動/園藝/生活/其他
38299,苗栗公館 阿聰的無毒紅棗乾,水果
38321,牧實天然選品,食品加工品
38441,HOMEHERE✪全館買就送百元購物金✪,幼兒相關
38498,Lasykids積木,幼兒相關
38513,日本Vacances,運動/園藝/生活/其他
38558,妮芙頂極紅薑黃,農產品/原住民/花東
38816,新瑞榮國際有限公司,#N/A
38933,韓國oxford,幼兒相關
38934,London Taxi KickBike,幼兒相關
39074,阿寶蘋果園,水果
39189,親好屋 Kiss Good,食品加工品
39198,Popcorn 就是❤️爆米花,#N/A
39206,艾蕾優格時尚館,甜點
39330,天然家園,茶/咖啡
39393,桑天牛農場,水果
39427,敘茶時光,#N/A
39617,恬蜜家,#N/A
39625,普魯士德國豬腳,生鮮水產/肉品
39728,魚魚小舖,#N/A
39789,花蓮美卿姐,#N/A
39857,格外品故事,食品加工品
39881,苗栗造橋 阿生哥的野生洛神葵,農產品/原住民/花東
39905,啡茶不可,茶/咖啡
39912,集倉好食材 任選10包免運費,農產品/原住民/花東
40115,來來果園,水果
40201,品香草莓園,水果
40237,燕巢林家果園，自產自銷、香甜脆口,#N/A
40252,益康泡菜,食品加工品
40255,碩園農場,#N/A
40297,奧利薇的房間,#N/A
40336,彰化溪州 順禹老師的有機無花果,水果
40340,robmaria,電器3c/美妝
40427,普悅麗,食品加工品
40440,普悅麗烘焙✪單筆訂單滿$700 即贈16穀米紅藜麥大豆歐式麵包✪,食品加工品
40468,幸福洋溢烘焙工作室,甜點
40512,晁陽綠能農場,農產品/原住民/花東
40548,岩生築見．里物,生鮮水產/肉品
40563,黑豆桑事業有限公司,食品加工品
40564,行健有機夢想村,農產品/原住民/花東
40691,蒲公英有機農場,水果
40906,陳爸紅龍果,水果
40988,Sonbérnor,#N/A
41225,木蘭養生慢活小舖,飲料
41239,Appletinies奧地利貴婦甜心有機蘋果丁巧克力,甜點
41259,德國愛麗莎低鈉礦泉水,#N/A
41342,古積食品 ,食品加工品
41448,軒閣食品-鮮盒子,食品加工品
41636,寶哥烘炸小琉球麻花捲,甜點
41729,Simon Boss,電器3c/美妝
41784,GCT玩具嚴選,#N/A
41801,Purple Passion巴西莓粉,運動/園藝/生活/其他
42066,田中豆製 JT's Soy House,飲料
42338,LondonTaxiBike,幼兒相關
42514,樹重奏,運動/園藝/生活/其他
42532,錯喜歡茶 Chosenone Tea,茶/咖啡
42900,晴畊農物,#N/A
42936,耕心有機農場,農產品/原住民/花東
43020,Trubii優市集,#N/A
43059,海鳥愛吃,飲料
43144,關廟金鑽鳳梨,#N/A
43332,心情有機農場,食品加工品
43357,U&Me Sweet Cake,甜點
43832,龍昇南北店,運動/園藝/生活/其他
43911,人良油坊 Oilicious,食品加工品
43987,感動食品,#N/A
44034,茶泡先生的蓮霧,水果
44121,墾丁觀天星農場,#N/A
44189,玉米三巷冰淇淋,冰品
44290,彰化芬園 楊班長的玫瑰紅荔枝,水果
44799,樂迷倉庫玩具店,幼兒相關
44964,墾丁觀天星農場 台北連絡處,#N/A
45167,拉拉山ㄚ妞果園,水果
45255,標裕牧場,生鮮水產/肉品
45278,改潮換袋,運動/園藝/生活/其他
45509,清境奇異果,水果
45600,千紅一品茶,運動/園藝/生活/其他
45609,愛文芒果-頂級嚴選,#N/A
45618,三源牧場,生鮮水產/肉品
45657,加州運通國際貿易有限公司,運動/園藝/生活/其他
45674,黃爸爸葡萄園,水果
45690,冰果農場,食品加工品
45756,龍芳茶園,茶/咖啡
45846,賴良記農產,農產品/原住民/花東
45884,那米亞類胡蘿菠素植物性蛋白,#N/A
45905,千蕙農園,水果
46551,六月紅放牧滴雞精,飲料
46580,頤和有限公司,運動/園藝/生活/其他
46593,紅腳掌自然生態園,水果
46673,澳根尼特級初榨橄欖油,食品加工品
47009,豚屋自然生態農場,#N/A
47028,德能麗蜂業,農產品/原住民/花東
47316,梨董果園,水果
47338,老實農場,食品加工品
47392,八八百果園,#N/A
47460,水果巷,食品加工品
47542,金谷水梨,#N/A
47683,Spere 斯費爾 行李箱包專賣,運動/園藝/生活/其他
47883,嘉沛鮮鮮羊乳,牧場鮮奶
47917,農忙之餘,農產品/原住民/花東
47942,熱情果大本舖Hot Fruit,#N/A
48312,甘味果物,食品加工品
48415,飼好漁,生鮮水產/肉品
48549,阿源羊肉,生鮮水產/肉品
48620,高屏羊乳,牧場鮮奶
48695,台灣好羊乳,牧場鮮奶
48713,育牧畜牧,牧場鮮奶
48754,飛羊畜牧場,牧場鮮奶
48762,果果愛Fruitlove,食品加工品
48783,埔里特產-無毒安心農產品,農產品/原住民/花東
48904,藍田茶,茶/咖啡
48950,晶傳羊肉,生鮮水產/肉品
49001,華南羊乳,牧場鮮奶
49100,綠盛達醇萃,農產品/原住民/花東
49214,砂糖橘-光合作用果園,#N/A
49223,美香農場,水果
49572,瑞穗友善農園,水果
49643,東二巷咖啡店,茶/咖啡
49907,舞好茶,茶/咖啡
50045,酪農家,#N/A
50053,168TWN鋼化玻璃膜批發,電器3c/美妝
50064,美文的巨峰葡萄,水果
50221,瓜地馬拉精品咖啡,#N/A
50295,潺潺森活露營農場,#N/A
50321,天和極品羊,生鮮水產/肉品
50358,東阿哲麵包烘焙,甜點
50393,愛美客蕃茄農場,水果
50394,雅芯香草園,電器3c/美妝
50446,釋迦爺爺,農產品/原住民/花東
50461,宏泉淨水科技,電器3c/美妝
50521,阿波羅紅肉甜橙,水果
50547,元大開發物業管理顧問有限公司,#N/A
50567,童心農場,#N/A
50660,貝珍香頂級手工XO醬,食品加工品
50719,繭裹子Twine,運動/園藝/生活/其他
50786,多多皂坊,電器3c/美妝
50787,唐婆食品行,食品加工品
50818,鳳山阿成椰子,水果
50854,廣興商店,電器3c/美妝
50885,就柿好吃,#N/A
51316,臺灣藍鵲茶,茶/咖啡
51332,楊媽媽の手工店,食品加工品
51351,熊優栽果園,水果
51353,大峰,茶/咖啡
51434,東浙鮮麵點小廚房,食品加工品
51487,錦成養蜂園,農產品/原住民/花東
51503,林家紅棗園,農產品/原住民/花東
51566,鉅鹿堂人蔘山藥,農產品/原住民/花東
51588,豐碩果園,水果
51594,阿華老媽與老爹木瓜,水果
51598,台糖安心豚,生鮮水產/肉品
51734,Rain man Boulangerie Bistro,甜點
51736,樂木集,茶/咖啡
51805,淘氣小農,茶/咖啡
51848,HOCS好客市,運動/園藝/生活/其他
51896,高雄旗山  台灣本土黃檸檬,水果
52010,台東尚德林家果園,#N/A
52055,iThinking,運動/園藝/生活/其他
52163,安然地瓜田園,農產品/原住民/花東
52207,平圓本舖,水果
52216,悅讀森林,運動/園藝/生活/其他
52221,BigBite比格拜特,甜點
52295,豐鑫蜜麻花,甜點
52359,大禹嶺蘋果,水果
52370,有機伍村農場,#N/A
52373,在農場跳舞的貓,水果
52390,理博農業生物科技有限公司,農產品/原住民/花東
52607,西井村,食品加工品
52691,一本農場,水果
52717,喜樂屋檸檬,水果
52852,永齡選物,水果
52943,王媽媽廚房,食品加工品
52999,微笑田園,水果
53002,萬全良安企業有限公司,運動/園藝/生活/其他
53210,橘二代,水果
53219,台霖農場,水果
53258,龍鄉味,食品加工品
53388,明成軒企業社,#N/A
53510,高雄內門咖啡,茶/咖啡
53560,苗栗大湖 徐大哥無農藥豐香草莓,水果
53673,水星農場,飲料
53809,漁家樂無毒養殖場,生鮮水產/肉品
53811,原生滋味,食品加工品
53821,特瑪多有機農園,水果
53911,海鮮王,生鮮水產/肉品
53921,花蓮夏田生態農莊,農產品/原住民/花東
53925,Man Mano慢慢弄乳酪坊,食品加工品
53948,自然豬,生鮮水產/肉品
54428,原味時代-健康飲食專家,食品加工品
54430,苗栗大湖 阿強無毒草莓,水果
54973,Ringo 品菓希臘優格,食品加工品
54981,	阿罩霧微醺白草莓,水果
55106,正宗酪梨農場,水果
55237,明究香品-煙供粉水供精油,運動/園藝/生活/其他
55317,家聯有機,#N/A
55372,金后餃,食品加工品
55676,心安農場,食品加工品
55753,Catalyst,運動/園藝/生活/其他
55796,耘享濃豆乳,飲料
55835,樂活養生照護燈,#N/A
55863,多吉師、東貿,食品加工品
55894,言午茶 YANWUCHA,茶/咖啡
55931,宜大蜜蜂生物科技股份有限公司,農產品/原住民/花東
56004,職人包果,#N/A
56063,全羊商行,#N/A
56127,Neutrallo+,飲料
56136,阿甘的黑番茄店,水果
56138,旺萊獅,食品加工品
56195,方間冶所 Foundry Lab,運動/園藝/生活/其他
56271,醬好糠,食品加工品
56430,牡丹阿嬤蔬果園,#N/A
56480,鴻馨果園,水果
56564,澄藝OrangeIn,#N/A
56585,T86悅察苑,食品加工品
56586,源順食品,食品加工品
56631,風向DGTREND,食品加工品
57091,德國Poliboy居家清潔有機系列,運動/園藝/生活/其他
57137,高雄那瑪夏 阿國哥的深山野梅,農產品/原住民/花東
57206,Little by Little,食品加工品
57248,美日春,食品加工品
57291,永大健康零食館,食品加工品
57415,NICE GREEN 美蔬菜,農產品/原住民/花東
57519,烹烹頭-農物與加工,食品加工品
57698,吉菓 ichico,食品加工品
57704,優鮮購,牧場鮮奶
57764,好米芽 Homiya,食品加工品
58092,泓盛海鮮市集,生鮮水產/肉品
58145,薌園,食品加工品
58271,西班牙Borges百格仕,食品加工品
58452,AnH coffee packers,
58515,大熊農場,水果
58627,豐馥食品,生鮮水產/肉品
58743,源品精緻果園(愛文芒果),水果
58806,五風堂,食品加工品
58829,衫林豔麗荔枝,水果
58902,峰芭樂農場,水果
58907,綠創頂級芭樂,水果
59204,鼎御漢方養生飲品,飲料
59206,高雄那瑪夏 有機野放胭脂李,水果
59219,苗栗銅鑼 陳大姐無農藥芋頭,水果
59267,織眠家族ComrisHome,運動/園藝/生活/其他
59306,鈊銨實業有限公司,甜點
59404,慈恩庇護休閒農場,水果
59415,枋山吉吉愛文芒果,水果
59423,台灣上青,甜點
59432,雲林虎尾 蔡大哥玉女小蕃茄,水果
59447,幸福天地優質農莊,水果
59485,第一稻場,食品加工品
59561,高雄大樹 村長家的選粒玉荷包,水果
59740,Poco Más,食品加工品
59748,芸之香,食品加工品
59897,花東菜市集,農產品/原住民/花東
59903,勝嘉商店,食品加工品
59956,穿山甲自然生態農場,食品加工品
59960,清一太和,食品加工品
60060,唯果粒商行,冰品
60083,東哥檸檬,食品加工品
60090,新竹尖石 養老部落,水果
60107,愛呷,農產品/原住民/花東
60197,月光下友善農場,食品加工品
60383,如常甜點,甜點
60397,FUN心鮮蝦,生鮮水產/肉品
60398,柿之鄉,甜點
60428,圓方生活圈,運動/園藝/生活/其他
60502,台西玉津烘焙坊,食品加工品
60526,曉城商號,食品加工品
60543,雄哥有機檸檬園,水果
60545,農加園農產行,水果
61242,果丘in 白木耳吸凍飲專賣店,飲料
61257,全騏企業行,冰品
61258,參騏食品有限公司,飲料
61279,林家百果園,水果
61411,威力豪有限公司,運動/園藝/生活/其他
61452,J Coffee,茶/咖啡
61478,農心商行,冰品
61501,鵝鵝農場,
61512,悠活本部,
61513,木村的稻米香,農產品/原住民/花東
61751,公爵法式冰淇淋,冰品
61909,富樂果行,
61970,舞間茶心,冰品
62350,辰農有機農場,水果
62398,舞鶴茶園公主咖啡,茶/咖啡
62401,阿勳果園,水果
62491,珍馥館生態農場,水果
62656,THE DiDi SHOP,食品加工品
62715,黃河果園,水果
62834,沁園雨來菇,農產品/原住民/花東
62966,芸彰牧場台灣牛肉,生鮮水產/肉品
63279,紀家.手工泡菜,食品加工品
63305,烏山頭無農藥蕈菇場,農產品/原住民/花東
63337,台中梨山 寬伯的水蜜桃,水果
63468,瀞一,食品加工品
63512,花生什麼事,食品加工品
63671,612農場,農產品/原住民/花東
64255,郭家甜蜜蜜果園,水果
64323,eLIGHTS 姬松茸,食品加工品
64408,寵物之家,
64412,伊勢的店,食品加工品
64429,黑蒜伯,食品加工品
64445,陳家阿嬤,水果
64526,諾亞牧場,食品加工品
64586,麻豆天柚果園,水果
64667,大麥商城,
64948,Elnativo,茶/咖啡
64963,花蓮鶴岡文旦,水果
64973,泰源幽谷獼米,農產品/原住民/花東
65026,真食。手作,食品加工品
65352,甲地農莊,水果
65453,將豪農莊,水果
65820,正福茶園,茶/咖啡
66041,癮茶谷,茶/咖啡
66095,浦田竹鹽,食品加工品
66128,侏儸紀生態觀光果園,水果
66138,若崴水果商行,水果
66558,羊行,生鮮水產/肉品
66601,天菊農場,農產品/原住民/花東
66863,金賜果園,
66954,德朱利斯國際食品有限公司,農產品/原住民/花東
66990,紐西克,農產品/原住民/花東
67141,仕安合作社,農產品/原住民/花東
67143,彰化社頭 香水芭樂,水果
67174,台中梨山 謝大哥高山優質果物,水果
67178,橙十沙棘Sajie,電器3c/美妝
67235,a.o.a 天然水果軟糖,食品加工品
67271,三芝蟹蟹農場,生鮮水產/肉品
67411,李雪辣嬌,食品加工品
67459,台西聚鮮,生鮮水產/肉品
67462,我的果物日記,食品加工品
67471,灣麗水坡歐家砂糖橘,水果
67502,怡大農場,水果
67641,默默吃貨舖,食品加工品
67648,良膳之嘉,食品加工品
67733,石頭堡農場,農產品/原住民/花東
67756,原茶園,茶/咖啡
67796,郭老師寶寶副食品,幼兒相關
67854,養身黑糖-黑金磚,
67902,康樂鼓掌,農產品/原住民/花東
68058,好書果,水果
68063,台中梨山 寬伯的蜜蘋果,水果
68073,心安有機農場,農產品/原住民/花東
68153,悠綠客,水果
68156,朵多綠生菜農場,農產品/原住民/花東
68160,南投老欉砂糖橘樂園,水果
68387,台中福壽山 華姐的蜜蘋果,水果
68406,彩田友善農作,農產品/原住民/花東
68442,食膳玩家,食品加工品
68557,草本誠食,農產品/原住民/花東
68564,天然茶莊,茶/咖啡
68564,天然茶莊,茶/咖啡
68616,來來有機農場,農產品/原住民/花東
68774,綠光農園,茶/咖啡
68814,無毒豬,生鮮水產/肉品
68830,世芳有機茗茶園,茶/咖啡
68830,世芳有機茗茶園,茶/咖啡
68873,「協」字精品洋香瓜,水果
67925,阿嬤的汗水,水果
68185,晴禾農園,水果
68565,在欉紅,食品加工品
68591,九四健康蛋,農產品/原住民/花東
68599,耘初黑豆所,茶/咖啡
68604,林有志,茶/咖啡
69049,黑蒜將軍,食品加工品
69095,釀幸福,食品加工品
69175,鼎勝養蜂場,農產品/原住民/花東
69219,茲心生態農場,食品加工品
69220,穀咕寶寶,食品加工品
69241,邱伯伯開心農場,水果
69335,平埔黑豬,生鮮水產/肉品
69370,抬頭排骨,生鮮水產/肉品
69450,劉家庄,食品加工品
69499,谷芳茶園,茶/咖啡
73480,遠足生態農場,農產品/原住民/花東
64053,禾新農庄,水果
68555,箴品茶研,茶/咖啡
68398,高山農場,食品加工品
73455,裸廚房,食品加工品
73456,淨湖友善草莓聯盟,水果
33023,識魚郎,生鮮水產/肉品
74517,青農有機草莓園,水果
67617,永璨體育登山用品社,運動/園藝/生活/其他
73350,郭老師養生料理,食品加工品
74771,關西無毒草莓園,水果
75098,鮮魚菜,農產品/原住民/花東
6669,明智幸福棗園,水果
74540,有的梅的 自然元素,農產品/原住民/花東
74038,東成茶葉,農產品/原住民/花東
75475,香菜先生,食品加工品
76124,欣琦果園,水果
76119,草莓世界,水果
64201,嗨嗨千層手工蛋捲,甜點
64344,上校有機農場,水果
75940,歐客佬精品咖啡農場,茶/咖啡
76226,豐哥嚴選,電器3c/美妝
75647,金洺自然農場,農產品/原住民/花東
74982,無思農莊,食品加工品
76225,玖2食務所,生鮮水產/肉品
75969,果木小薰,生鮮水產/肉品
76074,新城風糖,食品加工品
76457,寶香柑桔,水果
76520,宇還地有機農場,農產品/原住民/花東
76643,蘭陽金柑,水果
76692,斯布特芽田,農產品/原住民/花東
76745,新味醬油食品工廠,食品加工品
76764,耕園農場,水果
76961,吉谷農園,水果
76980,花田果室,水果
77096,好旺村,食品加工品
77363,萬金畜牧場,生鮮水產/肉品
77047,九日風,甜點
77365,魚鱻森,生鮮水產/肉品
77446,胡班長荔枝園,水果
77161,乙木羊農牧,牧場鮮奶
77422,協發行泡菜,食品加工品
77730,南澳基因有機農場,食品加工品
77766,大棟開心農場,農產品/原住民/花東
77645,台中新社彭家果園,水果
78056,活力東勢,飲料
77356,江夏堂,生鮮水產/肉品
77403,阿貴的築夢梅園,水果
78133,蜂蜜皇后,農產品/原住民/花東
76448,EddieWoW Coffee 艾迪瓦屋,甜點
76553,花旗松鬆節膏,運動/園藝/生活/其他
77627,西班牙Lectus樂食橄欖油,食品加工品
78574,赤科山露予莊園,茶/咖啡
69632,女兒不懂茶,茶/咖啡
78346,毛家三地門芒果園,水果
78744,天美果園,水果
78299,大吉先生烘焙坊,甜點
78963,發電雞,生鮮水產/肉品
78923,彰化溪湖 陳家溫室葡萄,水果
79273,晨照溫室農場,水果
79339,魚之達人,生鮮水產/肉品
79428,珍好食,食品加工品
79792,壽豐鄉農會 果艷西瓜,水果
79590,鴨迷,食品加工品
79591,蓁果芒果,水果
79638,康納歐夫生機莊園,水果
80012,阿財綠竹農場,農產品/原住民/花東
78958,日萃山苦瓜喬麥飲,飲料
79236,好食蔬,農產品/原住民/花東
80014,饕海鮮,生鮮水產/肉品
80073,安發蔬果溫園,
80442,新社果菜合作社,農產品/原住民/花東
80185,陳爸的白頭翁果園,食品加工品
80548,莊爸大樹荔枝園,水果
80742,阿金姐工作坊,食品加工品
80641,玉井郭家果園,水果
80814,市外桃園,水果
80748,草皮在養農場,水果
80229,苗栗泰安 深山裡的紅肉李,水果
67936,坤昌農場,水果
63822,GOLDMEDAL海老仙貝燒&彎腰蝦餅,食品加工品
42659,阿娟優格,食品加工品
81024,和牧優質牛肉,生鮮水產/肉品
81111,八里區農會,農產品/原住民/花東
81325,冰菓。手作冰棒,冰品
81817,感恩農場,水果
81721,台中太平 張家荔枝園,水果
82069,馬烈霸部落的果園,水果
41783,蘿拉百果園,水果
76060,台南玉井 發哥芒果園,水果
60090,新竹尖石 養老部落,水果
82751,游漁耕有機農場,水果
80392,30果風,食品加工品
80737,UNIWASH-農友好,運動/園藝/生活/其他
82620,怡文農業生技,食品加工品
83131,苗栗公館 富羽有機紅棗,水果
83178,草莓達人農場,農產品/原住民/花東
83197,好蝦冏男社,生鮮水產/肉品
83733,新興果園,水果
83534,迷戀235,水果
83689,五梅牧場 玻璃瓶鮮乳,牧場鮮奶
83956,梨山黃家果園,水果
84060,良森果園,水果
83994,新生活 隨手瓶系列,牧場鮮奶
84536,御品蓮休閒農莊,食品加工品
84206,天照農場,農產品/原住民/花東
84180,美樂地有機農場,水果
75377,優美梨香園,水果
84943,江媽媽的果園,水果
83910,彭奶奶的果園,水果
83962,漁樂商行,生鮮水產/肉品
84445,開心果園,水果
85589,班長的梨園,水果
85231,Condelux,運動/園藝/生活/其他
82711,晶鱻烏金,食品加工品
85864,番路鄉農會,食品加工品
84763,梨山許家蘋果園,水果
81056,一凡茶作,茶/咖啡
82749,鬱金女王闌姐,農產品/原住民/花東
86153,田蜜心果園,水果
85596,粨種人,食品加工品
86184,原穀傳說,農產品/原住民/花東
85248,祥銓農創,電器3c/美妝
86357,豪柚到果園,水果
86443,春霖山園,水果
85226,龍岫良米,農產品/原住民/花東
86748,麻豆紅柚伯,水果
86821,心心農場,水果
86820,苗栗湧哥的黃金大閘蟹,生鮮水產/肉品
86489,白布帆花姐農場,水果
86781,台灣製｜戶外/登山/野營/救難濾水器｜,運動/園藝/生活/其他
86824,DLIC TEA,茶/咖啡
87130,永田農家,水果
87262,朱家果園,水果
86185,台灣秀摩,農產品/原住民/花東
85221,長濱富麗自然農園,農產品/原住民/花東
80952,添丁養生黑木耳,農產品/原住民/花東
87714,吉利無毒友善農場,農產品/原住民/花東
87530,丸那水餃坊,食品加工品
87886,2060太空吧,食品加工品
88115,JAKYN fruit,水果
87881,柿子哥的果園,水果
88271,黃嘉銘有機農場,農產品/原住民/花東
88029,五告站農場,水果
88270,蔣老爹無味精手工水餃,食品加工品
88633,Smile果物獻禮,水果
88698,南投信義彭家葡萄園,水果
40427,奕利的店,食品加工品
88731,朵貓貓良品,農產品/原住民/花東
88727,小農有機日記,農產品/原住民/花東
88711,東佳畜牧場,食品加工品
88833,果樂園,水果
88861,勁鮮水產直送,生鮮水產/肉品
85425,桔之緣農場,水果
87209,芯安鮮果宅配送,水果
89168,良食糧十農坊,水果
89096,金池農特產品,水果
89206,譚家柑園,水果
88969,鮮豆老爹soyapapa,飲料
89338,十八麥,農產品/原住民/花東
89256,澎湖區漁會,生鮮水產/肉品
89077,桃梨城柿,水果
89258,夏日情人果園,水果
89474,自家莊園,水果
89317,恩居好食,甜點
89686,漾愉生態漁場,生鮮水產/肉品
89687,食誠良品,食品加工品
89698,朵朵心手工烘焙製造所,食品加工品
89858,老林記,食品加工品
89894,和春堂,食品加工品
89518,狠蝦霸,生鮮水產/肉品
89923,大埔有機農場,水果
89920,豐樺水產,生鮮水產/肉品
90066,十八養場,生鮮水產/肉品
90079,華文堂農場,水果
89918,粿老爺手工蘿蔔糕專賣店,食品加工品
90393,承磊科技農園,農產品/原住民/花東
90392,蕉個朋友芭,水果
90496,台灣有機棉,運動/園藝/生活/其他
89547,謝大哥的安心蔬果園,水果
87833,臺一蜂業養蜂園,農產品/原住民/花東
77878,芳盈食品,甜點
84837,台南麻豆 張姐的文旦柚,水果
60877,彰化社頭 陳大哥的老欉黑葉荔枝,水果
74820,全口味食品,食品加工品
90591,御祥食品,食品加工品
90188,山田大叔,生鮮水產/肉品
90688,老師傅手工湯圓,食品加工品
90029,陳記手工元宵,食品加工品
90654,台南東山曾家果園,水果
90609,小魚種菜,農產品/原住民/花東
90971,耕心好物,食品加工品
90788,山上阿德,水果
90562,詠統生物科技股份有限公司,食品加工品
90975,港式點心阿伯,
90407,味榮柑仔店,食品加工品
90860,鉅鹿堂人蔘山藥,農產品/原住民/花東
91336,員崇果園,水果
91432,屏東蔡家芒果園,水果
91533,有鉗真好,生鮮水產/肉品
91403,魏氏茶業,茶/咖啡
91849,聯利牧場 靈芝土雞蛋,農產品/原住民/花東
91756,初音印奇自然農園,茶/咖啡
91152,青出宜蘭,電器3c/美妝
91920,永在林業,農產品/原住民/花東
92200,餃子樂,食品加工品
91890,日光集物所,食品加工品
92283,梅嶺林家梅園,水果
91886,根源 TWBwood,運動/園藝/生活/其他
87116,奧丁丁鮮奶組合任選專區,牧場鮮奶
91890,日光集物所,食品加工品
91856,另一個胃甜點工作室,甜點
92349,五甲木農產,水果
92327,北海漁鋪,生鮮水產/肉品
92599,慧軒農場,農產品/原住民/花東
92684,李桑的有機桑葚,水果
92660,蘇丹燕窩,食品加工品
92125,樂樂木,運動/園藝/生活/其他
92200,餃子樂,食品加工品
92283,梅嶺林家梅園,水果
92327,北海漁鋪,生鮮水產/肉品
92349,五甲木農產,水果
92599,慧軒農場,農產品/原住民/花東
92660,蘇丹燕窩,食品加工品
92684,李桑的有機桑葚,水果
92698,DB BREWERY,飲料
92796,優捷國際企業有限公司(除垢隊長),運動/園藝/生活/其他
92854,海藏花苑,運動/園藝/生活/其他
92941,阿岳哥的老梅園,水果
93147,盈盈農圃,農產品/原住民/花東
93203,閃電包子舖,食品加工品
93386,饌品美食,生鮮水產/肉品
93415,部落易購,農產品/原住民/花東
93417,綠光牧場,牧場鮮奶
93453,植感花藝,運動/園藝/生活/其他
93662,劉大哥的水蜜桃農場,水果
93666,魚有王,生鮮水產/肉品
93892,楠西頂湖農場,農產品/原住民/花東
93921,阿湯古風鹽焗雞,生鮮水產/肉品
94167,高雄大樹 返鄉青年的玉荷包,水果
94253,黑女婿西瓜,水果
94306,米發發養生堂,食品加工品
94519,萬寶臘味工坊,食品加工品
94623,可可雅米巧克力,食品加工品
94902,新竹內灣 鵝姐野薑花粽,食品加工品
95002,玉井芒果樂園,水果
97505,鮮知道,農產品/原住民/花東
98272,吉瓜愛手作坊,運動/園藝/生活/其他
98329,麻豆助碗粿,食品加工品
98527,蜜思朵Medolly,食品加工品
98771,DAY JUICE 果日飲,飲料
98795,台灣雜糧隊,食品加工品
98807,犇馳Bango,食品加工品
98913,台中福壽山 完熟西瓜李,水果
98971,生發號農產,食品加工品
99156,灣裡幸湖農莊,農產品/原住民/花東
99173,富春水產,生鮮水產/肉品
99326,鍾伯伯的果園,水果
99349,公館鄉農會,水果
99354,農場晃晃,生鮮水產/肉品
99395,普一吳師傅烘焙坊,食品加工品
99510,Southrom,電器3c/美妝
99542,檸檬森林,水果
99574,Gumo龜毛手作生吐司,食品加工品
99575,光世企業有限公司,農產品/原住民/花東
99596,安安益身蛋,農產品/原住民/花東
99673,知果嚴選,水果
99706,愛瑞雅水品牌,飲料
99870,高海拔梨山果園,水果
99902,掌生穀粒糧商號,農產品/原住民/花東
100090,農匠科技農業,農產品/原住民/花東
100291,方方有果,水果
100334,木可蘿蔔糕,食品加工品
100511,嘉義黃金板栗,農產品/原住民/花東
100638,八方茶業,茶/咖啡
100845,食創新煮,食品加工品
100948,頭城月芭樂,水果
101287,栗煬甲魚,運動/園藝/生活/其他
101633,台灣優質果-標爸爸柚柚班,水果
101713,江大哥的有機木瓜園,水果
101874,菖樺X小惡魔創意冰品甜點,冰品
101890,悅好物集,食品加工品
101902,倍事手工蛋捲,食品加工品
101903,澡皂小行,運動/園藝/生活/其他
102134,加拿大 ZAVIDA 雅菲達,茶/咖啡
102178,食在幸福雪花餅,食品加工品
102502,得魚昇鮮,生鮮水產/肉品
102917,松滿緣有機農場,農產品/原住民/花東
103012,嘉義好柿園,水果
103511,阿丸甜甜圈,甜點
103634,日沐茶食 RIMU tea&chips,食品加工品
103706,芙芮蕬仙肉樂園,運動/園藝/生活/其他
103812,老事在幹嘛,甜點
103817,昱昱的玩具屋,運動/園藝/生活/其他
103854,果寶生技購物商城,飲料
103897,植想見泥,運動/園藝/生活/其他
105092,宜蘭人故事館,食品加工品
105108,肉球糧行 Paws Brothers,運動/園藝/生活/其他
105315,拉拉山阿伯農場,水果
105367,香氛森林,運動/園藝/生活/其他
105608,黑糖道,甜點
105643,奧丁丁洋行,水果
106153,彙饌私廚,食品加工品
106523,揪柑心深山果園,水果
106608,林家冠軍烏魚子,食品加工品
107147,小紅蕃農場,水果
107757,毛爽爽,運動/園藝/生活/其他
108592,樂山莊鱘龍魚,生鮮水產/肉品
108650,瓔珞莊園手作花坊,運動/園藝/生活/其他
109633,克羅農場,水果
109779,球球館,運動/園藝/生活/其他
109885,集賢庇護工場,食品加工品
109930,專業農,農產品/原住民/花東
109971,元茂農產,農產品/原住民/花東
110197,有隻住在阿里山腳下的金緗雞,生鮮水產/肉品
110276,大春金寶農場,水果
110327,飯友食品,食品加工品
110565,大樹張媽媽休閒農場,水果
110605,家‧GAIA,水果
111979,水產優,水果
112012,曾大哥的蜜桃園,水果
112407,ZERO BOTTLE,運動/園藝/生活/其他
112452,玥沐嚴選,食品加工品
112728,昇泰有機休閒農場,水果
113226,甜野星新,甜點
113361,妞妞果園,水果
113703,朱家麻花捲,食品加工品
113886,蜂巢蠟筆_日本製兒童無毒蠟筆,運動/園藝/生活/其他
114107,名記貢糖,食品加工品
114456,東東生態農場,水果
114827,金賀伯農場,農產品/原住民/花東
115648,桂園自然生態農場,農產品/原住民/花東
116296,元初豆坊,飲料
117021,徐張氏有機農場,農產品/原住民/花東
117075,天時莓果,水果
117340,高鑑雲林大蒜,農產品/原住民/花東
119928,承昌食品,食品加工品
120244,葉老爹果園,水果
121397,FruitGo,水果
121626,好釋成真,水果
122075,麻姥姥手工餅舖,食品加工品
122080,德衛夏威夷蜂蜜,農產品/原住民/花東
122166,依琦匠子,甜點
122246,鮮一杯,茶/咖啡
122531,九日鳳梨農場,水果
122607,彰化縣埔心鄉農會,食品加工品
124187,翔琪檸檬茶,茶/咖啡
125094,陳記豆腐養生恬點,冰品
125165,赫家人米食製造所,食品加工品
125198,北玉山農產行,水果
125214,澎湖太祖堂一條根★滿千贈推拿乳霜！,運動/園藝/生活/其他
125355,宏展農場,農產品/原住民/花東
125476,自在食刻蒟蒻麵,食品加工品
125494,善果園,水果
125548,好美農漁產,生鮮水產/肉品
125595,果果農,水果
125677,MELISSA精品蜂蜜★全館不限金額送膠原蜂膠錠一盒,農產品/原住民/花東
125742,明賢果園,水果
125768,布萊恩食品手作坊,食品加工品
125860,小蜻蜓芒果園,水果
125873,大坑柑橘園,水果
125937,紫皇百香果,水果
125958,奧丁丁必喝鮮奶組合,牧場鮮奶
126041,蔣府宴,食品加工品
126291,友善契作大聯盟新北專區,農產品/原住民/花東
126406,大原山農場,水果
126492,糧莘農場,農產品/原住民/花東
126580,上安農場,農產品/原住民/花東
126650,大食客吉團,食品加工品
126826,大武山鮮果農場,水果
126835,芙生畱季,運動/園藝/生活/其他
126862,大王千金,甜點
126876,花田喜,甜點
126878,植人藝果,水果
126891,函漾莊園,農產品/原住民/花東
126957,香果園,水果
127093,好食多手作坊,食品加工品
127125,晰穀SeeGrains,農產品/原住民/花東
127182,銀圳花草皂坊,運動/園藝/生活/其他
127185,築水引,食品加工品
127200,wood甜點手作坊,甜點